schema_file,valid_json,is_json_schema,required_fields_present,provider_execution_default_false,approval_required_present,used_by_dag,status,gap
schemas/packets/accessibility_packet.schema.json,True,True,True,True,False,False,PARTIAL,missing_base_required:packet_id;missing_base_required:route_id;missing_base_required:producer_component_id;missing_base_required:consumer_component_ids;missing_base_required:lineage;missing_base_required:validation_status
schemas/packets/acoustics_packet.schema.json,True,True,True,True,False,False,PARTIAL,missing_base_required:packet_id;missing_base_required:route_id;missing_base_required:producer_component_id;missing_base_required:consumer_component_ids;missing_base_required:lineage;missing_base_required:validation_status
schemas/packets/animation_spec_packet.schema.json,True,True,True,True,False,False,PARTIAL,missing_base_required:packet_id;missing_base_required:route_id;missing_base_required:producer_component_id;missing_base_required:consumer_component_ids;missing_base_required:lineage;missing_base_required:validation_status
schemas/packets/approval_packet.schema.json,True,True,True,True,False,True,PASS,
schemas/packets/asset_brief_packet.schema.json,True,True,True,True,False,False,PARTIAL,missing_base_required:packet_id;missing_base_required:route_id;missing_base_required:producer_component_id;missing_base_required:consumer_component_ids;missing_base_required:lineage;missing_base_required:validation_status
schemas/packets/asset_library_packet.schema.json,True,True,True,True,False,False,PARTIAL,missing_base_required:packet_id;missing_base_required:route_id;missing_base_required:producer_component_id;missing_base_required:consumer_component_ids;missing_base_required:lineage;missing_base_required:validation_status
schemas/packets/assumption_validation_packet.schema.json,True,True,True,True,False,False,PARTIAL,missing_base_required:packet_id;missing_base_required:route_id;missing_base_required:producer_component_id;missing_base_required:consumer_component_ids;missing_base_required:lineage;missing_base_required:validation_status
schemas/packets/audio_accessibility_packet.schema.json,True,True,True,True,False,False,PARTIAL,missing_base_required:packet_id;missing_base_required:route_id;missing_base_required:producer_component_id;missing_base_required:consumer_component_ids;missing_base_required:lineage;missing_base_required:validation_status
schemas/packets/audio_brief_packet.schema.json,True,True,True,True,False,False,PARTIAL,missing_base_required:packet_id;missing_base_required:route_id;missing_base_required:producer_component_id;missing_base_required:consumer_component_ids;missing_base_required:lineage;missing_base_required:validation_status
schemas/packets/audio_performance_packet.schema.json,True,True,True,True,False,False,PARTIAL,missing_base_required:packet_id;missing_base_required:route_id;missing_base_required:producer_component_id;missing_base_required:consumer_component_ids;missing_base_required:lineage;missing_base_required:validation_status
schemas/packets/banner_packet.schema.json,True,True,True,True,False,False,PARTIAL,missing_base_required:packet_id;missing_base_required:route_id;missing_base_required:producer_component_id;missing_base_required:consumer_component_ids;missing_base_required:lineage;missing_base_required:validation_status
schemas/packets/blog_article_packet.schema.json,True,True,True,True,False,False,PARTIAL,missing_base_required:packet_id;missing_base_required:route_id;missing_base_required:producer_component_id;missing_base_required:consumer_component_ids;missing_base_required:lineage;missing_base_required:validation_status
schemas/packets/brand_consistency_packet.schema.json,True,True,True,True,False,False,PARTIAL,missing_base_required:packet_id;missing_base_required:route_id;missing_base_required:producer_component_id;missing_base_required:consumer_component_ids;missing_base_required:lineage;missing_base_required:validation_status
schemas/packets/broll_packet.schema.json,True,True,True,True,False,False,PARTIAL,missing_base_required:packet_id;missing_base_required:route_id;missing_base_required:producer_component_id;missing_base_required:consumer_component_ids;missing_base_required:lineage;missing_base_required:validation_status
schemas/packets/caption_packet.schema.json,True,True,True,True,False,False,PARTIAL,missing_base_required:packet_id;missing_base_required:route_id;missing_base_required:producer_component_id;missing_base_required:consumer_component_ids;missing_base_required:lineage;missing_base_required:validation_status
schemas/packets/causal_inference_packet.schema.json,True,True,True,True,False,False,PARTIAL,missing_base_required:packet_id;missing_base_required:route_id;missing_base_required:producer_component_id;missing_base_required:consumer_component_ids;missing_base_required:lineage;missing_base_required:validation_status
schemas/packets/color_grading_packet.schema.json,True,True,True,True,False,False,PARTIAL,missing_base_required:packet_id;missing_base_required:route_id;missing_base_required:producer_component_id;missing_base_required:consumer_component_ids;missing_base_required:lineage;missing_base_required:validation_status
schemas/packets/color_palette_packet.schema.json,True,True,True,True,False,False,PARTIAL,missing_base_required:packet_id;missing_base_required:route_id;missing_base_required:producer_component_id;missing_base_required:consumer_component_ids;missing_base_required:lineage;missing_base_required:validation_status
schemas/packets/compression_eq_packet.schema.json,True,True,True,True,False,False,PARTIAL,missing_base_required:packet_id;missing_base_required:route_id;missing_base_required:producer_component_id;missing_base_required:consumer_component_ids;missing_base_required:lineage;missing_base_required:validation_status
schemas/packets/context_engineering_packet.schema.json,True,True,True,True,False,False,PARTIAL,missing_base_required:packet_id;missing_base_required:route_id;missing_base_required:producer_component_id;missing_base_required:consumer_component_ids;missing_base_required:lineage;missing_base_required:validation_status
schemas/packets/context_engineering_result.schema.json,True,True,True,True,False,False,PARTIAL,missing_base_required:route_id;missing_base_required:producer_component_id;missing_base_required:consumer_component_ids;missing_base_required:lineage;missing_base_required:validation_status
schemas/packets/context_packet.schema.json,True,True,True,True,False,False,PARTIAL,missing_base_required:route_id;missing_base_required:producer_component_id;missing_base_required:consumer_component_ids;missing_base_required:lineage;missing_base_required:validation_status
schemas/packets/dark_mode_packet.schema.json,True,True,True,True,False,False,PARTIAL,missing_base_required:packet_id;missing_base_required:route_id;missing_base_required:producer_component_id;missing_base_required:consumer_component_ids;missing_base_required:lineage;missing_base_required:validation_status
schemas/packets/data_visualization_packet.schema.json,True,True,True,True,False,False,PARTIAL,missing_base_required:packet_id;missing_base_required:route_id;missing_base_required:producer_component_id;missing_base_required:consumer_component_ids;missing_base_required:lineage;missing_base_required:validation_status
schemas/packets/debate_critique_packet.schema.json,True,True,True,True,False,True,PASS,
schemas/packets/design_brief_packet.schema.json,True,True,True,True,False,False,PARTIAL,missing_base_required:packet_id;missing_base_required:route_id;missing_base_required:producer_component_id;missing_base_required:consumer_component_ids;missing_base_required:lineage;missing_base_required:validation_status
schemas/packets/distribution_plan_packet.schema.json,True,True,True,True,False,False,PARTIAL,missing_base_required:packet_id;missing_base_required:route_id;missing_base_required:producer_component_id;missing_base_required:consumer_component_ids;missing_base_required:lineage;missing_base_required:validation_status
schemas/packets/downstream_resource_prep_plan.schema.json,True,True,True,True,False,False,PARTIAL,missing_base_required:packet_id;missing_base_required:route_id;missing_base_required:producer_component_id;missing_base_required:consumer_component_ids;missing_base_required:lineage;missing_base_required:validation_status
schemas/packets/editing_sequence_packet.schema.json,True,True,True,True,False,False,PARTIAL,missing_base_required:packet_id;missing_base_required:route_id;missing_base_required:producer_component_id;missing_base_required:consumer_component_ids;missing_base_required:lineage;missing_base_required:validation_status
schemas/packets/editing_timeline_packet.schema.json,True,True,True,True,False,True,PASS,
schemas/packets/email_sequence_packet.schema.json,True,True,True,True,False,False,PARTIAL,missing_base_required:packet_id;missing_base_required:route_id;missing_base_required:producer_component_id;missing_base_required:consumer_component_ids;missing_base_required:lineage;missing_base_required:validation_status
schemas/packets/final_script_packet.schema.json,True,True,True,True,False,True,PASS,
schemas/packets/format_coordination_packet.schema.json,True,True,True,True,False,False,PARTIAL,missing_base_required:packet_id;missing_base_required:route_id;missing_base_required:producer_component_id;missing_base_required:consumer_component_ids;missing_base_required:lineage;missing_base_required:validation_status
schemas/packets/icon_set_packet.schema.json,True,True,True,True,False,False,PARTIAL,missing_base_required:packet_id;missing_base_required:route_id;missing_base_required:producer_component_id;missing_base_required:consumer_component_ids;missing_base_required:lineage;missing_base_required:validation_status
schemas/packets/infographic_script_packet.schema.json,True,True,True,True,False,False,PARTIAL,missing_base_required:packet_id;missing_base_required:route_id;missing_base_required:producer_component_id;missing_base_required:consumer_component_ids;missing_base_required:lineage;missing_base_required:validation_status
schemas/packets/intro_outro_packet.schema.json,True,True,True,True,False,False,PARTIAL,missing_base_required:packet_id;missing_base_required:route_id;missing_base_required:producer_component_id;missing_base_required:consumer_component_ids;missing_base_required:lineage;missing_base_required:validation_status
schemas/packets/knowledge_gap_packet.schema.json,True,True,True,True,False,False,PARTIAL,missing_base_required:packet_id;missing_base_required:route_id;missing_base_required:producer_component_id;missing_base_required:consumer_component_ids;missing_base_required:lineage;missing_base_required:validation_status
schemas/packets/layout_packet.schema.json,True,True,True,True,False,False,PARTIAL,missing_base_required:packet_id;missing_base_required:route_id;missing_base_required:producer_component_id;missing_base_required:consumer_component_ids;missing_base_required:lineage;missing_base_required:validation_status
schemas/packets/levels_packet.schema.json,True,True,True,True,False,False,PARTIAL,missing_base_required:packet_id;missing_base_required:route_id;missing_base_required:producer_component_id;missing_base_required:consumer_component_ids;missing_base_required:lineage;missing_base_required:validation_status
schemas/packets/limitations_packet.schema.json,True,True,True,True,False,False,PARTIAL,missing_base_required:packet_id;missing_base_required:route_id;missing_base_required:producer_component_id;missing_base_required:consumer_component_ids;missing_base_required:lineage;missing_base_required:validation_status
schemas/packets/lineage_packet.schema.json,True,True,True,True,False,True,PASS,
schemas/packets/linkedin_packet.schema.json,True,True,True,True,False,False,PARTIAL,missing_base_required:packet_id;missing_base_required:route_id;missing_base_required:producer_component_id;missing_base_required:consumer_component_ids;missing_base_required:lineage;missing_base_required:validation_status
schemas/packets/longitudinal_packet.schema.json,True,True,True,True,False,False,PARTIAL,missing_base_required:packet_id;missing_base_required:route_id;missing_base_required:producer_component_id;missing_base_required:consumer_component_ids;missing_base_required:lineage;missing_base_required:validation_status
schemas/packets/m001_packet.schema.json,True,True,True,True,False,False,PARTIAL,missing_base_required:packet_id;missing_base_required:route_id;missing_base_required:producer_component_id;missing_base_required:consumer_component_ids;missing_base_required:lineage;missing_base_required:validation_status
schemas/packets/m002_packet.schema.json,True,True,True,True,False,False,PARTIAL,missing_base_required:packet_id;missing_base_required:route_id;missing_base_required:producer_component_id;missing_base_required:consumer_component_ids;missing_base_required:lineage;missing_base_required:validation_status
schemas/packets/m003_packet.schema.json,True,True,True,True,False,False,PARTIAL,missing_base_required:packet_id;missing_base_required:route_id;missing_base_required:producer_component_id;missing_base_required:consumer_component_ids;missing_base_required:lineage;missing_base_required:validation_status
schemas/packets/m004_packet.schema.json,True,True,True,True,False,False,PARTIAL,missing_base_required:packet_id;missing_base_required:route_id;missing_base_required:producer_component_id;missing_base_required:consumer_component_ids;missing_base_required:lineage;missing_base_required:validation_status
schemas/packets/m006_packet.schema.json,True,True,True,True,False,False,PARTIAL,missing_base_required:packet_id;missing_base_required:route_id;missing_base_required:producer_component_id;missing_base_required:consumer_component_ids;missing_base_required:lineage;missing_base_required:validation_status
schemas/packets/m007_packet.schema.json,True,True,True,True,False,False,PARTIAL,missing_base_required:packet_id;missing_base_required:route_id;missing_base_required:producer_component_id;missing_base_required:consumer_component_ids;missing_base_required:lineage;missing_base_required:validation_status
schemas/packets/m008_packet.schema.json,True,True,True,True,False,False,PARTIAL,missing_base_required:packet_id;missing_base_required:route_id;missing_base_required:producer_component_id;missing_base_required:consumer_component_ids;missing_base_required:lineage;missing_base_required:validation_status
schemas/packets/m009_packet.schema.json,True,True,True,True,False,False,PARTIAL,missing_base_required:packet_id;missing_base_required:route_id;missing_base_required:producer_component_id;missing_base_required:consumer_component_ids;missing_base_required:lineage;missing_base_required:validation_status
schemas/packets/m010_packet.schema.json,True,True,True,True,False,False,PARTIAL,missing_base_required:packet_id;missing_base_required:route_id;missing_base_required:producer_component_id;missing_base_required:consumer_component_ids;missing_base_required:lineage;missing_base_required:validation_status
schemas/packets/m011_packet.schema.json,True,True,True,True,False,False,PARTIAL,missing_base_required:packet_id;missing_base_required:route_id;missing_base_required:producer_component_id;missing_base_required:consumer_component_ids;missing_base_required:lineage;missing_base_required:validation_status
schemas/packets/m012_packet.schema.json,True,True,True,True,False,False,PARTIAL,missing_base_required:packet_id;missing_base_required:route_id;missing_base_required:producer_component_id;missing_base_required:consumer_component_ids;missing_base_required:lineage;missing_base_required:validation_status
schemas/packets/m013_packet.schema.json,True,True,True,True,False,False,PARTIAL,missing_base_required:packet_id;missing_base_required:route_id;missing_base_required:producer_component_id;missing_base_required:consumer_component_ids;missing_base_required:lineage;missing_base_required:validation_status
schemas/packets/m014_packet.schema.json,True,True,True,True,False,False,PARTIAL,missing_base_required:packet_id;missing_base_required:route_id;missing_base_required:producer_component_id;missing_base_required:consumer_component_ids;missing_base_required:lineage;missing_base_required:validation_status
schemas/packets/m015_packet.schema.json,True,True,True,True,False,False,PARTIAL,missing_base_required:packet_id;missing_base_required:route_id;missing_base_required:producer_component_id;missing_base_required:consumer_component_ids;missing_base_required:lineage;missing_base_required:validation_status
schemas/packets/m016_packet.schema.json,True,True,True,True,False,False,PARTIAL,missing_base_required:packet_id;missing_base_required:route_id;missing_base_required:producer_component_id;missing_base_required:consumer_component_ids;missing_base_required:lineage;missing_base_required:validation_status
schemas/packets/m018_packet.schema.json,True,True,True,True,False,False,PARTIAL,missing_base_required:packet_id;missing_base_required:route_id;missing_base_required:producer_component_id;missing_base_required:consumer_component_ids;missing_base_required:lineage;missing_base_required:validation_status
schemas/packets/m019_packet.schema.json,True,True,True,True,False,False,PARTIAL,missing_base_required:packet_id;missing_base_required:route_id;missing_base_required:producer_component_id;missing_base_required:consumer_component_ids;missing_base_required:lineage;missing_base_required:validation_status
schemas/packets/m020_packet.schema.json,True,True,True,True,False,False,PARTIAL,missing_base_required:packet_id;missing_base_required:route_id;missing_base_required:producer_component_id;missing_base_required:consumer_component_ids;missing_base_required:lineage;missing_base_required:validation_status
schemas/packets/m021_packet.schema.json,True,True,True,True,False,False,PARTIAL,missing_base_required:packet_id;missing_base_required:route_id;missing_base_required:producer_component_id;missing_base_required:consumer_component_ids;missing_base_required:lineage;missing_base_required:validation_status
schemas/packets/m022_packet.schema.json,True,True,True,True,False,False,PARTIAL,missing_base_required:packet_id;missing_base_required:route_id;missing_base_required:producer_component_id;missing_base_required:consumer_component_ids;missing_base_required:lineage;missing_base_required:validation_status
schemas/packets/m023_packet.schema.json,True,True,True,True,False,False,PARTIAL,missing_base_required:packet_id;missing_base_required:route_id;missing_base_required:producer_component_id;missing_base_required:consumer_component_ids;missing_base_required:lineage;missing_base_required:validation_status
schemas/packets/m024_packet.schema.json,True,True,True,True,False,False,PARTIAL,missing_base_required:packet_id;missing_base_required:route_id;missing_base_required:producer_component_id;missing_base_required:consumer_component_ids;missing_base_required:lineage;missing_base_required:validation_status
schemas/packets/m025_packet.schema.json,True,True,True,True,False,False,PARTIAL,missing_base_required:packet_id;missing_base_required:route_id;missing_base_required:producer_component_id;missing_base_required:consumer_component_ids;missing_base_required:lineage;missing_base_required:validation_status
schemas/packets/m026_packet.schema.json,True,True,True,True,False,False,PARTIAL,missing_base_required:packet_id;missing_base_required:route_id;missing_base_required:producer_component_id;missing_base_required:consumer_component_ids;missing_base_required:lineage;missing_base_required:validation_status
schemas/packets/m027_packet.schema.json,True,True,True,True,False,False,PARTIAL,missing_base_required:packet_id;missing_base_required:route_id;missing_base_required:producer_component_id;missing_base_required:consumer_component_ids;missing_base_required:lineage;missing_base_required:validation_status
schemas/packets/m028_packet.schema.json,True,True,True,True,False,False,PARTIAL,missing_base_required:packet_id;missing_base_required:route_id;missing_base_required:producer_component_id;missing_base_required:consumer_component_ids;missing_base_required:lineage;missing_base_required:validation_status
schemas/packets/m029_packet.schema.json,True,True,True,True,False,False,PARTIAL,missing_base_required:packet_id;missing_base_required:route_id;missing_base_required:producer_component_id;missing_base_required:consumer_component_ids;missing_base_required:lineage;missing_base_required:validation_status
schemas/packets/m030_packet.schema.json,True,True,True,True,False,False,PARTIAL,missing_base_required:packet_id;missing_base_required:route_id;missing_base_required:producer_component_id;missing_base_required:consumer_component_ids;missing_base_required:lineage;missing_base_required:validation_status
schemas/packets/m031_packet.schema.json,True,True,True,True,False,False,PARTIAL,missing_base_required:packet_id;missing_base_required:route_id;missing_base_required:producer_component_id;missing_base_required:consumer_component_ids;missing_base_required:lineage;missing_base_required:validation_status
schemas/packets/m032_packet.schema.json,True,True,True,True,False,False,PARTIAL,missing_base_required:packet_id;missing_base_required:route_id;missing_base_required:producer_component_id;missing_base_required:consumer_component_ids;missing_base_required:lineage;missing_base_required:validation_status
schemas/packets/m033_packet.schema.json,True,True,True,True,False,False,PARTIAL,missing_base_required:packet_id;missing_base_required:route_id;missing_base_required:producer_component_id;missing_base_required:consumer_component_ids;missing_base_required:lineage;missing_base_required:validation_status
schemas/packets/m034_packet.schema.json,True,True,True,True,False,False,PARTIAL,missing_base_required:packet_id;missing_base_required:route_id;missing_base_required:producer_component_id;missing_base_required:consumer_component_ids;missing_base_required:lineage;missing_base_required:validation_status
schemas/packets/m035_packet.schema.json,True,True,True,True,False,False,PARTIAL,missing_base_required:packet_id;missing_base_required:route_id;missing_base_required:producer_component_id;missing_base_required:consumer_component_ids;missing_base_required:lineage;missing_base_required:validation_status
schemas/packets/m036_packet.schema.json,True,True,True,True,False,False,PARTIAL,missing_base_required:packet_id;missing_base_required:route_id;missing_base_required:producer_component_id;missing_base_required:consumer_component_ids;missing_base_required:lineage;missing_base_required:validation_status
schemas/packets/m037_packet.schema.json,True,True,True,True,False,False,PARTIAL,missing_base_required:packet_id;missing_base_required:route_id;missing_base_required:producer_component_id;missing_base_required:consumer_component_ids;missing_base_required:lineage;missing_base_required:validation_status
schemas/packets/m038_packet.schema.json,True,True,True,True,False,False,PARTIAL,missing_base_required:packet_id;missing_base_required:route_id;missing_base_required:producer_component_id;missing_base_required:consumer_component_ids;missing_base_required:lineage;missing_base_required:validation_status
schemas/packets/m039_packet.schema.json,True,True,True,True,False,False,PARTIAL,missing_base_required:packet_id;missing_base_required:route_id;missing_base_required:producer_component_id;missing_base_required:consumer_component_ids;missing_base_required:lineage;missing_base_required:validation_status
schemas/packets/m040_packet.schema.json,True,True,True,True,False,False,PARTIAL,missing_base_required:packet_id;missing_base_required:route_id;missing_base_required:producer_component_id;missing_base_required:consumer_component_ids;missing_base_required:lineage;missing_base_required:validation_status
schemas/packets/m041_packet.schema.json,True,True,True,True,False,False,PARTIAL,missing_base_required:packet_id;missing_base_required:route_id;missing_base_required:producer_component_id;missing_base_required:consumer_component_ids;missing_base_required:lineage;missing_base_required:validation_status
schemas/packets/m042_packet.schema.json,True,True,True,True,False,False,PARTIAL,missing_base_required:packet_id;missing_base_required:route_id;missing_base_required:producer_component_id;missing_base_required:consumer_component_ids;missing_base_required:lineage;missing_base_required:validation_status
schemas/packets/m043_packet.schema.json,True,True,True,True,False,False,PARTIAL,missing_base_required:packet_id;missing_base_required:route_id;missing_base_required:producer_component_id;missing_base_required:consumer_component_ids;missing_base_required:lineage;missing_base_required:validation_status
schemas/packets/m044_packet.schema.json,True,True,True,True,False,False,PARTIAL,missing_base_required:packet_id;missing_base_required:route_id;missing_base_required:producer_component_id;missing_base_required:consumer_component_ids;missing_base_required:lineage;missing_base_required:validation_status
schemas/packets/m045_packet.schema.json,True,True,True,True,False,False,PARTIAL,missing_base_required:packet_id;missing_base_required:route_id;missing_base_required:producer_component_id;missing_base_required:consumer_component_ids;missing_base_required:lineage;missing_base_required:validation_status
schemas/packets/m046_packet.schema.json,True,True,True,True,False,False,PARTIAL,missing_base_required:packet_id;missing_base_required:route_id;missing_base_required:producer_component_id;missing_base_required:consumer_component_ids;missing_base_required:lineage;missing_base_required:validation_status
schemas/packets/m047_packet.schema.json,True,True,True,True,False,False,PARTIAL,missing_base_required:packet_id;missing_base_required:route_id;missing_base_required:producer_component_id;missing_base_required:consumer_component_ids;missing_base_required:lineage;missing_base_required:validation_status
schemas/packets/m048_packet.schema.json,True,True,True,True,False,False,PARTIAL,missing_base_required:packet_id;missing_base_required:route_id;missing_base_required:producer_component_id;missing_base_required:consumer_component_ids;missing_base_required:lineage;missing_base_required:validation_status
schemas/packets/m049_packet.schema.json,True,True,True,True,False,False,PARTIAL,missing_base_required:packet_id;missing_base_required:route_id;missing_base_required:producer_component_id;missing_base_required:consumer_component_ids;missing_base_required:lineage;missing_base_required:validation_status
schemas/packets/m050_packet.schema.json,True,True,True,True,False,False,PARTIAL,missing_base_required:packet_id;missing_base_required:route_id;missing_base_required:producer_component_id;missing_base_required:consumer_component_ids;missing_base_required:lineage;missing_base_required:validation_status
schemas/packets/m051_packet.schema.json,True,True,True,True,False,False,PARTIAL,missing_base_required:packet_id;missing_base_required:route_id;missing_base_required:producer_component_id;missing_base_required:consumer_component_ids;missing_base_required:lineage;missing_base_required:validation_status
schemas/packets/m052_packet.schema.json,True,True,True,True,False,False,PARTIAL,missing_base_required:packet_id;missing_base_required:route_id;missing_base_required:producer_component_id;missing_base_required:consumer_component_ids;missing_base_required:lineage;missing_base_required:validation_status
schemas/packets/m053_packet.schema.json,True,True,True,True,False,False,PARTIAL,missing_base_required:packet_id;missing_base_required:route_id;missing_base_required:producer_component_id;missing_base_required:consumer_component_ids;missing_base_required:lineage;missing_base_required:validation_status
schemas/packets/m054_packet.schema.json,True,True,True,True,False,False,PARTIAL,missing_base_required:packet_id;missing_base_required:route_id;missing_base_required:producer_component_id;missing_base_required:consumer_component_ids;missing_base_required:lineage;missing_base_required:validation_status
schemas/packets/m055_packet.schema.json,True,True,True,True,False,False,PARTIAL,missing_base_required:packet_id;missing_base_required:route_id;missing_base_required:producer_component_id;missing_base_required:consumer_component_ids;missing_base_required:lineage;missing_base_required:validation_status
schemas/packets/m056_packet.schema.json,True,True,True,True,False,False,PARTIAL,missing_base_required:packet_id;missing_base_required:route_id;missing_base_required:producer_component_id;missing_base_required:consumer_component_ids;missing_base_required:lineage;missing_base_required:validation_status
schemas/packets/m057_packet.schema.json,True,True,True,True,False,False,PARTIAL,missing_base_required:packet_id;missing_base_required:route_id;missing_base_required:producer_component_id;missing_base_required:consumer_component_ids;missing_base_required:lineage;missing_base_required:validation_status
schemas/packets/m058_packet.schema.json,True,True,True,True,False,False,PARTIAL,missing_base_required:packet_id;missing_base_required:route_id;missing_base_required:producer_component_id;missing_base_required:consumer_component_ids;missing_base_required:lineage;missing_base_required:validation_status
schemas/packets/m059_packet.schema.json,True,True,True,True,False,False,PARTIAL,missing_base_required:packet_id;missing_base_required:route_id;missing_base_required:producer_component_id;missing_base_required:consumer_component_ids;missing_base_required:lineage;missing_base_required:validation_status
schemas/packets/m060_packet.schema.json,True,True,True,True,False,False,PARTIAL,missing_base_required:packet_id;missing_base_required:route_id;missing_base_required:producer_component_id;missing_base_required:consumer_component_ids;missing_base_required:lineage;missing_base_required:validation_status
schemas/packets/m061_packet.schema.json,True,True,True,True,False,False,PARTIAL,missing_base_required:packet_id;missing_base_required:route_id;missing_base_required:producer_component_id;missing_base_required:consumer_component_ids;missing_base_required:lineage;missing_base_required:validation_status
schemas/packets/m062_packet.schema.json,True,True,True,True,False,False,PARTIAL,missing_base_required:packet_id;missing_base_required:route_id;missing_base_required:producer_component_id;missing_base_required:consumer_component_ids;missing_base_required:lineage;missing_base_required:validation_status
schemas/packets/m063_packet.schema.json,True,True,True,True,False,False,PARTIAL,missing_base_required:packet_id;missing_base_required:route_id;missing_base_required:producer_component_id;missing_base_required:consumer_component_ids;missing_base_required:lineage;missing_base_required:validation_status
schemas/packets/m064_packet.schema.json,True,True,True,True,False,False,PARTIAL,missing_base_required:packet_id;missing_base_required:route_id;missing_base_required:producer_component_id;missing_base_required:consumer_component_ids;missing_base_required:lineage;missing_base_required:validation_status
schemas/packets/m065_packet.schema.json,True,True,True,True,False,False,PARTIAL,missing_base_required:packet_id;missing_base_required:route_id;missing_base_required:producer_component_id;missing_base_required:consumer_component_ids;missing_base_required:lineage;missing_base_required:validation_status
schemas/packets/m066_packet.schema.json,True,True,True,True,False,False,PARTIAL,missing_base_required:packet_id;missing_base_required:route_id;missing_base_required:producer_component_id;missing_base_required:consumer_component_ids;missing_base_required:lineage;missing_base_required:validation_status
schemas/packets/m067_packet.schema.json,True,True,True,True,False,False,PARTIAL,missing_base_required:packet_id;missing_base_required:route_id;missing_base_required:producer_component_id;missing_base_required:consumer_component_ids;missing_base_required:lineage;missing_base_required:validation_status
schemas/packets/m068_packet.schema.json,True,True,True,True,False,False,PARTIAL,missing_base_required:packet_id;missing_base_required:route_id;missing_base_required:producer_component_id;missing_base_required:consumer_component_ids;missing_base_required:lineage;missing_base_required:validation_status
schemas/packets/m069_packet.schema.json,True,True,True,True,False,False,PARTIAL,missing_base_required:packet_id;missing_base_required:route_id;missing_base_required:producer_component_id;missing_base_required:consumer_component_ids;missing_base_required:lineage;missing_base_required:validation_status
schemas/packets/m070_packet.schema.json,True,True,True,True,False,False,PARTIAL,missing_base_required:packet_id;missing_base_required:route_id;missing_base_required:producer_component_id;missing_base_required:consumer_component_ids;missing_base_required:lineage;missing_base_required:validation_status
schemas/packets/m071_packet.schema.json,True,True,True,True,False,False,PARTIAL,missing_base_required:packet_id;missing_base_required:route_id;missing_base_required:producer_component_id;missing_base_required:consumer_component_ids;missing_base_required:lineage;missing_base_required:validation_status
schemas/packets/m072_packet.schema.json,True,True,True,True,False,False,PARTIAL,missing_base_required:packet_id;missing_base_required:route_id;missing_base_required:producer_component_id;missing_base_required:consumer_component_ids;missing_base_required:lineage;missing_base_required:validation_status
schemas/packets/m073_packet.schema.json,True,True,True,True,False,False,PARTIAL,missing_base_required:packet_id;missing_base_required:route_id;missing_base_required:producer_component_id;missing_base_required:consumer_component_ids;missing_base_required:lineage;missing_base_required:validation_status
schemas/packets/m074_packet.schema.json,True,True,True,True,False,False,PARTIAL,missing_base_required:packet_id;missing_base_required:route_id;missing_base_required:producer_component_id;missing_base_required:consumer_component_ids;missing_base_required:lineage;missing_base_required:validation_status
schemas/packets/m075_packet.schema.json,True,True,True,True,False,False,PARTIAL,missing_base_required:packet_id;missing_base_required:route_id;missing_base_required:producer_component_id;missing_base_required:consumer_component_ids;missing_base_required:lineage;missing_base_required:validation_status
schemas/packets/m076_packet.schema.json,True,True,True,True,False,False,PARTIAL,missing_base_required:packet_id;missing_base_required:route_id;missing_base_required:producer_component_id;missing_base_required:consumer_component_ids;missing_base_required:lineage;missing_base_required:validation_status
schemas/packets/m077_packet.schema.json,True,True,True,True,False,False,PARTIAL,missing_base_required:packet_id;missing_base_required:route_id;missing_base_required:producer_component_id;missing_base_required:consumer_component_ids;missing_base_required:lineage;missing_base_required:validation_status
schemas/packets/m078_packet.schema.json,True,True,True,True,False,False,PARTIAL,missing_base_required:packet_id;missing_base_required:route_id;missing_base_required:producer_component_id;missing_base_required:consumer_component_ids;missing_base_required:lineage;missing_base_required:validation_status
schemas/packets/m079_packet.schema.json,True,True,True,True,False,False,PARTIAL,missing_base_required:packet_id;missing_base_required:route_id;missing_base_required:producer_component_id;missing_base_required:consumer_component_ids;missing_base_required:lineage;missing_base_required:validation_status
schemas/packets/m080_packet.schema.json,True,True,True,True,False,False,PARTIAL,missing_base_required:packet_id;missing_base_required:route_id;missing_base_required:producer_component_id;missing_base_required:consumer_component_ids;missing_base_required:lineage;missing_base_required:validation_status
schemas/packets/m081_packet.schema.json,True,True,True,True,False,False,PARTIAL,missing_base_required:packet_id;missing_base_required:route_id;missing_base_required:producer_component_id;missing_base_required:consumer_component_ids;missing_base_required:lineage;missing_base_required:validation_status
schemas/packets/m082_packet.schema.json,True,True,True,True,False,False,PARTIAL,missing_base_required:packet_id;missing_base_required:route_id;missing_base_required:producer_component_id;missing_base_required:consumer_component_ids;missing_base_required:lineage;missing_base_required:validation_status
schemas/packets/m083_packet.schema.json,True,True,True,True,False,False,PARTIAL,missing_base_required:packet_id;missing_base_required:route_id;missing_base_required:producer_component_id;missing_base_required:consumer_component_ids;missing_base_required:lineage;missing_base_required:validation_status
schemas/packets/m084_packet.schema.json,True,True,True,True,False,False,PARTIAL,missing_base_required:packet_id;missing_base_required:route_id;missing_base_required:producer_component_id;missing_base_required:consumer_component_ids;missing_base_required:lineage;missing_base_required:validation_status
schemas/packets/m085_packet.schema.json,True,True,True,True,False,False,PARTIAL,missing_base_required:packet_id;missing_base_required:route_id;missing_base_required:producer_component_id;missing_base_required:consumer_component_ids;missing_base_required:lineage;missing_base_required:validation_status
schemas/packets/m086_packet.schema.json,True,True,True,True,False,False,PARTIAL,missing_base_required:packet_id;missing_base_required:route_id;missing_base_required:producer_component_id;missing_base_required:consumer_component_ids;missing_base_required:lineage;missing_base_required:validation_status
schemas/packets/m087_packet.schema.json,True,True,True,True,False,False,PARTIAL,missing_base_required:packet_id;missing_base_required:route_id;missing_base_required:producer_component_id;missing_base_required:consumer_component_ids;missing_base_required:lineage;missing_base_required:validation_status
schemas/packets/m088_packet.schema.json,True,True,True,True,False,False,PARTIAL,missing_base_required:packet_id;missing_base_required:route_id;missing_base_required:producer_component_id;missing_base_required:consumer_component_ids;missing_base_required:lineage;missing_base_required:validation_status
schemas/packets/m089_packet.schema.json,True,True,True,True,False,False,PARTIAL,missing_base_required:packet_id;missing_base_required:route_id;missing_base_required:producer_component_id;missing_base_required:consumer_component_ids;missing_base_required:lineage;missing_base_required:validation_status
schemas/packets/m090_packet.schema.json,True,True,True,True,False,False,PARTIAL,missing_base_required:packet_id;missing_base_required:route_id;missing_base_required:producer_component_id;missing_base_required:consumer_component_ids;missing_base_required:lineage;missing_base_required:validation_status
schemas/packets/m098_packet.schema.json,True,True,True,True,False,False,PARTIAL,missing_base_required:packet_id;missing_base_required:route_id;missing_base_required:producer_component_id;missing_base_required:consumer_component_ids;missing_base_required:lineage;missing_base_required:validation_status
schemas/packets/m099_packet.schema.json,True,True,True,True,False,False,PARTIAL,missing_base_required:packet_id;missing_base_required:route_id;missing_base_required:producer_component_id;missing_base_required:consumer_component_ids;missing_base_required:lineage;missing_base_required:validation_status
schemas/packets/m100_packet.schema.json,True,True,True,True,False,False,PARTIAL,missing_base_required:packet_id;missing_base_required:route_id;missing_base_required:producer_component_id;missing_base_required:consumer_component_ids;missing_base_required:lineage;missing_base_required:validation_status
schemas/packets/m101_packet.schema.json,True,True,True,True,False,False,PARTIAL,missing_base_required:packet_id;missing_base_required:route_id;missing_base_required:producer_component_id;missing_base_required:consumer_component_ids;missing_base_required:lineage;missing_base_required:validation_status
schemas/packets/m102_packet.schema.json,True,True,True,True,False,False,PARTIAL,missing_base_required:packet_id;missing_base_required:route_id;missing_base_required:producer_component_id;missing_base_required:consumer_component_ids;missing_base_required:lineage;missing_base_required:validation_status
schemas/packets/m103_packet.schema.json,True,True,True,True,False,False,PARTIAL,missing_base_required:packet_id;missing_base_required:route_id;missing_base_required:producer_component_id;missing_base_required:consumer_component_ids;missing_base_required:lineage;missing_base_required:validation_status
schemas/packets/m104_packet.schema.json,True,True,True,True,False,False,PARTIAL,missing_base_required:packet_id;missing_base_required:route_id;missing_base_required:producer_component_id;missing_base_required:consumer_component_ids;missing_base_required:lineage;missing_base_required:validation_status
schemas/packets/m105_packet.schema.json,True,True,True,True,False,False,PARTIAL,missing_base_required:packet_id;missing_base_required:route_id;missing_base_required:producer_component_id;missing_base_required:consumer_component_ids;missing_base_required:lineage;missing_base_required:validation_status
schemas/packets/m106_packet.schema.json,True,True,True,True,False,False,PARTIAL,missing_base_required:packet_id;missing_base_required:route_id;missing_base_required:producer_component_id;missing_base_required:consumer_component_ids;missing_base_required:lineage;missing_base_required:validation_status
schemas/packets/m107_packet.schema.json,True,True,True,True,False,False,PARTIAL,missing_base_required:packet_id;missing_base_required:route_id;missing_base_required:producer_component_id;missing_base_required:consumer_component_ids;missing_base_required:lineage;missing_base_required:validation_status
schemas/packets/m108_packet.schema.json,True,True,True,True,False,False,PARTIAL,missing_base_required:packet_id;missing_base_required:route_id;missing_base_required:producer_component_id;missing_base_required:consumer_component_ids;missing_base_required:lineage;missing_base_required:validation_status
schemas/packets/m109_packet.schema.json,True,True,True,True,False,False,PARTIAL,missing_base_required:packet_id;missing_base_required:route_id;missing_base_required:producer_component_id;missing_base_required:consumer_component_ids;missing_base_required:lineage;missing_base_required:validation_status
schemas/packets/m110_packet.schema.json,True,True,True,True,False,False,PARTIAL,missing_base_required:packet_id;missing_base_required:route_id;missing_base_required:producer_component_id;missing_base_required:consumer_component_ids;missing_base_required:lineage;missing_base_required:validation_status
schemas/packets/m111_packet.schema.json,True,True,True,True,False,False,PARTIAL,missing_base_required:packet_id;missing_base_required:route_id;missing_base_required:producer_component_id;missing_base_required:consumer_component_ids;missing_base_required:lineage;missing_base_required:validation_status
schemas/packets/m112_packet.schema.json,True,True,True,True,False,False,PARTIAL,missing_base_required:packet_id;missing_base_required:route_id;missing_base_required:producer_component_id;missing_base_required:consumer_component_ids;missing_base_required:lineage;missing_base_required:validation_status
schemas/packets/m113_packet.schema.json,True,True,True,True,False,False,PARTIAL,missing_base_required:packet_id;missing_base_required:route_id;missing_base_required:producer_component_id;missing_base_required:consumer_component_ids;missing_base_required:lineage;missing_base_required:validation_status
schemas/packets/m114_packet.schema.json,True,True,True,True,False,False,PARTIAL,missing_base_required:packet_id;missing_base_required:route_id;missing_base_required:producer_component_id;missing_base_required:consumer_component_ids;missing_base_required:lineage;missing_base_required:validation_status
schemas/packets/m115_packet.schema.json,True,True,True,True,False,False,PARTIAL,missing_base_required:packet_id;missing_base_required:route_id;missing_base_required:producer_component_id;missing_base_required:consumer_component_ids;missing_base_required:lineage;missing_base_required:validation_status
schemas/packets/m116_packet.schema.json,True,True,True,True,False,False,PARTIAL,missing_base_required:packet_id;missing_base_required:route_id;missing_base_required:producer_component_id;missing_base_required:consumer_component_ids;missing_base_required:lineage;missing_base_required:validation_status
schemas/packets/m117_packet.schema.json,True,True,True,True,False,False,PARTIAL,missing_base_required:packet_id;missing_base_required:route_id;missing_base_required:producer_component_id;missing_base_required:consumer_component_ids;missing_base_required:lineage;missing_base_required:validation_status
schemas/packets/m118_packet.schema.json,True,True,True,True,False,False,PARTIAL,missing_base_required:packet_id;missing_base_required:route_id;missing_base_required:producer_component_id;missing_base_required:consumer_component_ids;missing_base_required:lineage;missing_base_required:validation_status
schemas/packets/m119_packet.schema.json,True,True,True,True,False,False,PARTIAL,missing_base_required:packet_id;missing_base_required:route_id;missing_base_required:producer_component_id;missing_base_required:consumer_component_ids;missing_base_required:lineage;missing_base_required:validation_status
schemas/packets/m120_packet.schema.json,True,True,True,True,False,False,PARTIAL,missing_base_required:packet_id;missing_base_required:route_id;missing_base_required:producer_component_id;missing_base_required:consumer_component_ids;missing_base_required:lineage;missing_base_required:validation_status
schemas/packets/m121_packet.schema.json,True,True,True,True,False,False,PARTIAL,missing_base_required:packet_id;missing_base_required:route_id;missing_base_required:producer_component_id;missing_base_required:consumer_component_ids;missing_base_required:lineage;missing_base_required:validation_status
schemas/packets/m122_packet.schema.json,True,True,True,True,False,False,PARTIAL,missing_base_required:packet_id;missing_base_required:route_id;missing_base_required:producer_component_id;missing_base_required:consumer_component_ids;missing_base_required:lineage;missing_base_required:validation_status
schemas/packets/m123_packet.schema.json,True,True,True,True,False,False,PARTIAL,missing_base_required:packet_id;missing_base_required:route_id;missing_base_required:producer_component_id;missing_base_required:consumer_component_ids;missing_base_required:lineage;missing_base_required:validation_status
schemas/packets/m124_packet.schema.json,True,True,True,True,False,False,PARTIAL,missing_base_required:packet_id;missing_base_required:route_id;missing_base_required:producer_component_id;missing_base_required:consumer_component_ids;missing_base_required:lineage;missing_base_required:validation_status
schemas/packets/m125_packet.schema.json,True,True,True,True,False,False,PARTIAL,missing_base_required:packet_id;missing_base_required:route_id;missing_base_required:producer_component_id;missing_base_required:consumer_component_ids;missing_base_required:lineage;missing_base_required:validation_status
schemas/packets/m126_packet.schema.json,True,True,True,True,False,False,PARTIAL,missing_base_required:packet_id;missing_base_required:route_id;missing_base_required:producer_component_id;missing_base_required:consumer_component_ids;missing_base_required:lineage;missing_base_required:validation_status
schemas/packets/m127_packet.schema.json,True,True,True,True,False,False,PARTIAL,missing_base_required:packet_id;missing_base_required:route_id;missing_base_required:producer_component_id;missing_base_required:consumer_component_ids;missing_base_required:lineage;missing_base_required:validation_status
schemas/packets/m128_packet.schema.json,True,True,True,True,False,False,PARTIAL,missing_base_required:packet_id;missing_base_required:route_id;missing_base_required:producer_component_id;missing_base_required:consumer_component_ids;missing_base_required:lineage;missing_base_required:validation_status
schemas/packets/m129_packet.schema.json,True,True,True,True,False,False,PARTIAL,missing_base_required:packet_id;missing_base_required:route_id;missing_base_required:producer_component_id;missing_base_required:consumer_component_ids;missing_base_required:lineage;missing_base_required:validation_status
schemas/packets/m130_packet.schema.json,True,True,True,True,False,False,PARTIAL,missing_base_required:packet_id;missing_base_required:route_id;missing_base_required:producer_component_id;missing_base_required:consumer_component_ids;missing_base_required:lineage;missing_base_required:validation_status
schemas/packets/m131_packet.schema.json,True,True,True,True,False,False,PARTIAL,missing_base_required:packet_id;missing_base_required:route_id;missing_base_required:producer_component_id;missing_base_required:consumer_component_ids;missing_base_required:lineage;missing_base_required:validation_status
schemas/packets/m132_packet.schema.json,True,True,True,True,False,False,PARTIAL,missing_base_required:packet_id;missing_base_required:route_id;missing_base_required:producer_component_id;missing_base_required:consumer_component_ids;missing_base_required:lineage;missing_base_required:validation_status
schemas/packets/m133_packet.schema.json,True,True,True,True,False,False,PARTIAL,missing_base_required:packet_id;missing_base_required:route_id;missing_base_required:producer_component_id;missing_base_required:consumer_component_ids;missing_base_required:lineage;missing_base_required:validation_status
schemas/packets/m134_packet.schema.json,True,True,True,True,False,False,PARTIAL,missing_base_required:packet_id;missing_base_required:route_id;missing_base_required:producer_component_id;missing_base_required:consumer_component_ids;missing_base_required:lineage;missing_base_required:validation_status
schemas/packets/m135_packet.schema.json,True,True,True,True,False,False,PARTIAL,missing_base_required:packet_id;missing_base_required:route_id;missing_base_required:producer_component_id;missing_base_required:consumer_component_ids;missing_base_required:lineage;missing_base_required:validation_status
schemas/packets/m136_packet.schema.json,True,True,True,True,False,False,PARTIAL,missing_base_required:packet_id;missing_base_required:route_id;missing_base_required:producer_component_id;missing_base_required:consumer_component_ids;missing_base_required:lineage;missing_base_required:validation_status
schemas/packets/m137_packet.schema.json,True,True,True,True,False,False,PARTIAL,missing_base_required:packet_id;missing_base_required:route_id;missing_base_required:producer_component_id;missing_base_required:consumer_component_ids;missing_base_required:lineage;missing_base_required:validation_status
schemas/packets/m138_packet.schema.json,True,True,True,True,False,False,PARTIAL,missing_base_required:packet_id;missing_base_required:route_id;missing_base_required:producer_component_id;missing_base_required:consumer_component_ids;missing_base_required:lineage;missing_base_required:validation_status
schemas/packets/m139_packet.schema.json,True,True,True,True,False,False,PARTIAL,missing_base_required:packet_id;missing_base_required:route_id;missing_base_required:producer_component_id;missing_base_required:consumer_component_ids;missing_base_required:lineage;missing_base_required:validation_status
schemas/packets/m140_packet.schema.json,True,True,True,True,False,False,PARTIAL,missing_base_required:packet_id;missing_base_required:route_id;missing_base_required:producer_component_id;missing_base_required:consumer_component_ids;missing_base_required:lineage;missing_base_required:validation_status
schemas/packets/m141_packet.schema.json,True,True,True,True,False,False,PARTIAL,missing_base_required:packet_id;missing_base_required:route_id;missing_base_required:producer_component_id;missing_base_required:consumer_component_ids;missing_base_required:lineage;missing_base_required:validation_status
schemas/packets/m142_packet.schema.json,True,True,True,True,False,False,PARTIAL,missing_base_required:packet_id;missing_base_required:route_id;missing_base_required:producer_component_id;missing_base_required:consumer_component_ids;missing_base_required:lineage;missing_base_required:validation_status
schemas/packets/m143_packet.schema.json,True,True,True,True,False,False,PARTIAL,missing_base_required:packet_id;missing_base_required:route_id;missing_base_required:producer_component_id;missing_base_required:consumer_component_ids;missing_base_required:lineage;missing_base_required:validation_status
schemas/packets/m144_packet.schema.json,True,True,True,True,False,False,PARTIAL,missing_base_required:packet_id;missing_base_required:route_id;missing_base_required:producer_component_id;missing_base_required:consumer_component_ids;missing_base_required:lineage;missing_base_required:validation_status
schemas/packets/m145_packet.schema.json,True,True,True,True,False,False,PARTIAL,missing_base_required:packet_id;missing_base_required:route_id;missing_base_required:producer_component_id;missing_base_required:consumer_component_ids;missing_base_required:lineage;missing_base_required:validation_status
schemas/packets/m146_packet.schema.json,True,True,True,True,False,False,PARTIAL,missing_base_required:packet_id;missing_base_required:route_id;missing_base_required:producer_component_id;missing_base_required:consumer_component_ids;missing_base_required:lineage;missing_base_required:validation_status
schemas/packets/m147_packet.schema.json,True,True,True,True,False,False,PARTIAL,missing_base_required:packet_id;missing_base_required:route_id;missing_base_required:producer_component_id;missing_base_required:consumer_component_ids;missing_base_required:lineage;missing_base_required:validation_status
schemas/packets/m148_packet.schema.json,True,True,True,True,False,False,PARTIAL,missing_base_required:packet_id;missing_base_required:route_id;missing_base_required:producer_component_id;missing_base_required:consumer_component_ids;missing_base_required:lineage;missing_base_required:validation_status
schemas/packets/m149_packet.schema.json,True,True,True,True,False,False,PARTIAL,missing_base_required:packet_id;missing_base_required:route_id;missing_base_required:producer_component_id;missing_base_required:consumer_component_ids;missing_base_required:lineage;missing_base_required:validation_status
schemas/packets/m150_packet.schema.json,True,True,True,True,False,False,PARTIAL,missing_base_required:packet_id;missing_base_required:route_id;missing_base_required:producer_component_id;missing_base_required:consumer_component_ids;missing_base_required:lineage;missing_base_required:validation_status
schemas/packets/m151_packet.schema.json,True,True,True,True,False,False,PARTIAL,missing_base_required:packet_id;missing_base_required:route_id;missing_base_required:producer_component_id;missing_base_required:consumer_component_ids;missing_base_required:lineage;missing_base_required:validation_status
schemas/packets/m152_packet.schema.json,True,True,True,True,False,False,PARTIAL,missing_base_required:packet_id;missing_base_required:route_id;missing_base_required:producer_component_id;missing_base_required:consumer_component_ids;missing_base_required:lineage;missing_base_required:validation_status
schemas/packets/m153_packet.schema.json,True,True,True,True,False,False,PARTIAL,missing_base_required:packet_id;missing_base_required:route_id;missing_base_required:producer_component_id;missing_base_required:consumer_component_ids;missing_base_required:lineage;missing_base_required:validation_status
schemas/packets/m154_packet.schema.json,True,True,True,True,False,False,PARTIAL,missing_base_required:packet_id;missing_base_required:route_id;missing_base_required:producer_component_id;missing_base_required:consumer_component_ids;missing_base_required:lineage;missing_base_required:validation_status
schemas/packets/m155_packet.schema.json,True,True,True,True,False,False,PARTIAL,missing_base_required:packet_id;missing_base_required:route_id;missing_base_required:producer_component_id;missing_base_required:consumer_component_ids;missing_base_required:lineage;missing_base_required:validation_status
schemas/packets/m156_packet.schema.json,True,True,True,True,False,False,PARTIAL,missing_base_required:packet_id;missing_base_required:route_id;missing_base_required:producer_component_id;missing_base_required:consumer_component_ids;missing_base_required:lineage;missing_base_required:validation_status
schemas/packets/m157_packet.schema.json,True,True,True,True,False,False,PARTIAL,missing_base_required:packet_id;missing_base_required:route_id;missing_base_required:producer_component_id;missing_base_required:consumer_component_ids;missing_base_required:lineage;missing_base_required:validation_status
schemas/packets/m158_packet.schema.json,True,True,True,True,False,False,PARTIAL,missing_base_required:packet_id;missing_base_required:route_id;missing_base_required:producer_component_id;missing_base_required:consumer_component_ids;missing_base_required:lineage;missing_base_required:validation_status
schemas/packets/m159_packet.schema.json,True,True,True,True,False,False,PARTIAL,missing_base_required:packet_id;missing_base_required:route_id;missing_base_required:producer_component_id;missing_base_required:consumer_component_ids;missing_base_required:lineage;missing_base_required:validation_status
schemas/packets/m160_packet.schema.json,True,True,True,True,False,False,PARTIAL,missing_base_required:packet_id;missing_base_required:route_id;missing_base_required:producer_component_id;missing_base_required:consumer_component_ids;missing_base_required:lineage;missing_base_required:validation_status
schemas/packets/m161_packet.schema.json,True,True,True,True,False,False,PARTIAL,missing_base_required:packet_id;missing_base_required:route_id;missing_base_required:producer_component_id;missing_base_required:consumer_component_ids;missing_base_required:lineage;missing_base_required:validation_status
schemas/packets/m162_packet.schema.json,True,True,True,True,False,False,PARTIAL,missing_base_required:packet_id;missing_base_required:route_id;missing_base_required:producer_component_id;missing_base_required:consumer_component_ids;missing_base_required:lineage;missing_base_required:validation_status
schemas/packets/m163_packet.schema.json,True,True,True,True,False,False,PARTIAL,missing_base_required:packet_id;missing_base_required:route_id;missing_base_required:producer_component_id;missing_base_required:consumer_component_ids;missing_base_required:lineage;missing_base_required:validation_status
schemas/packets/m164_packet.schema.json,True,True,True,True,False,False,PARTIAL,missing_base_required:packet_id;missing_base_required:route_id;missing_base_required:producer_component_id;missing_base_required:consumer_component_ids;missing_base_required:lineage;missing_base_required:validation_status
schemas/packets/m165_packet.schema.json,True,True,True,True,False,False,PARTIAL,missing_base_required:packet_id;missing_base_required:route_id;missing_base_required:producer_component_id;missing_base_required:consumer_component_ids;missing_base_required:lineage;missing_base_required:validation_status
schemas/packets/m166_packet.schema.json,True,True,True,True,False,False,PARTIAL,missing_base_required:packet_id;missing_base_required:route_id;missing_base_required:producer_component_id;missing_base_required:consumer_component_ids;missing_base_required:lineage;missing_base_required:validation_status
schemas/packets/m167_packet.schema.json,True,True,True,True,False,False,PARTIAL,missing_base_required:packet_id;missing_base_required:route_id;missing_base_required:producer_component_id;missing_base_required:consumer_component_ids;missing_base_required:lineage;missing_base_required:validation_status
schemas/packets/m168_packet.schema.json,True,True,True,True,False,False,PARTIAL,missing_base_required:packet_id;missing_base_required:route_id;missing_base_required:producer_component_id;missing_base_required:consumer_component_ids;missing_base_required:lineage;missing_base_required:validation_status
schemas/packets/m169_packet.schema.json,True,True,True,True,False,False,PARTIAL,missing_base_required:packet_id;missing_base_required:route_id;missing_base_required:producer_component_id;missing_base_required:consumer_component_ids;missing_base_required:lineage;missing_base_required:validation_status
schemas/packets/m170_packet.schema.json,True,True,True,True,False,False,PARTIAL,missing_base_required:packet_id;missing_base_required:route_id;missing_base_required:producer_component_id;missing_base_required:consumer_component_ids;missing_base_required:lineage;missing_base_required:validation_status
schemas/packets/m171_packet.schema.json,True,True,True,True,False,False,PARTIAL,missing_base_required:packet_id;missing_base_required:route_id;missing_base_required:producer_component_id;missing_base_required:consumer_component_ids;missing_base_required:lineage;missing_base_required:validation_status
schemas/packets/m172_packet.schema.json,True,True,True,True,False,False,PARTIAL,missing_base_required:packet_id;missing_base_required:route_id;missing_base_required:producer_component_id;missing_base_required:consumer_component_ids;missing_base_required:lineage;missing_base_required:validation_status
schemas/packets/m173_packet.schema.json,True,True,True,True,False,False,PARTIAL,missing_base_required:packet_id;missing_base_required:route_id;missing_base_required:producer_component_id;missing_base_required:consumer_component_ids;missing_base_required:lineage;missing_base_required:validation_status
schemas/packets/m174_packet.schema.json,True,True,True,True,False,False,PARTIAL,missing_base_required:packet_id;missing_base_required:route_id;missing_base_required:producer_component_id;missing_base_required:consumer_component_ids;missing_base_required:lineage;missing_base_required:validation_status
schemas/packets/m175_packet.schema.json,True,True,True,True,False,False,PARTIAL,missing_base_required:packet_id;missing_base_required:route_id;missing_base_required:producer_component_id;missing_base_required:consumer_component_ids;missing_base_required:lineage;missing_base_required:validation_status
schemas/packets/m176_packet.schema.json,True,True,True,True,False,False,PARTIAL,missing_base_required:packet_id;missing_base_required:route_id;missing_base_required:producer_component_id;missing_base_required:consumer_component_ids;missing_base_required:lineage;missing_base_required:validation_status
schemas/packets/m177_packet.schema.json,True,True,True,True,False,False,PARTIAL,missing_base_required:packet_id;missing_base_required:route_id;missing_base_required:producer_component_id;missing_base_required:consumer_component_ids;missing_base_required:lineage;missing_base_required:validation_status
schemas/packets/m178_packet.schema.json,True,True,True,True,False,False,PARTIAL,missing_base_required:packet_id;missing_base_required:route_id;missing_base_required:producer_component_id;missing_base_required:consumer_component_ids;missing_base_required:lineage;missing_base_required:validation_status
schemas/packets/m179_packet.schema.json,True,True,True,True,False,False,PARTIAL,missing_base_required:packet_id;missing_base_required:route_id;missing_base_required:producer_component_id;missing_base_required:consumer_component_ids;missing_base_required:lineage;missing_base_required:validation_status
schemas/packets/m180_packet.schema.json,True,True,True,True,False,False,PARTIAL,missing_base_required:packet_id;missing_base_required:route_id;missing_base_required:producer_component_id;missing_base_required:consumer_component_ids;missing_base_required:lineage;missing_base_required:validation_status
schemas/packets/m181_packet.schema.json,True,True,True,True,False,False,PARTIAL,missing_base_required:packet_id;missing_base_required:route_id;missing_base_required:producer_component_id;missing_base_required:consumer_component_ids;missing_base_required:lineage;missing_base_required:validation_status
schemas/packets/m182_packet.schema.json,True,True,True,True,False,False,PARTIAL,missing_base_required:packet_id;missing_base_required:route_id;missing_base_required:producer_component_id;missing_base_required:consumer_component_ids;missing_base_required:lineage;missing_base_required:validation_status
schemas/packets/m201_packet.schema.json,True,True,True,True,False,False,PARTIAL,missing_base_required:packet_id;missing_base_required:route_id;missing_base_required:producer_component_id;missing_base_required:consumer_component_ids;missing_base_required:lineage;missing_base_required:validation_status
schemas/packets/m202_packet.schema.json,True,True,True,True,False,False,PARTIAL,missing_base_required:packet_id;missing_base_required:route_id;missing_base_required:producer_component_id;missing_base_required:consumer_component_ids;missing_base_required:lineage;missing_base_required:validation_status
schemas/packets/m203_packet.schema.json,True,True,True,True,False,False,PARTIAL,missing_base_required:packet_id;missing_base_required:route_id;missing_base_required:producer_component_id;missing_base_required:consumer_component_ids;missing_base_required:lineage;missing_base_required:validation_status
schemas/packets/m204_packet.schema.json,True,True,True,True,False,False,PARTIAL,missing_base_required:packet_id;missing_base_required:route_id;missing_base_required:producer_component_id;missing_base_required:consumer_component_ids;missing_base_required:lineage;missing_base_required:validation_status
schemas/packets/m205_packet.schema.json,True,True,True,True,False,False,PARTIAL,missing_base_required:packet_id;missing_base_required:route_id;missing_base_required:producer_component_id;missing_base_required:consumer_component_ids;missing_base_required:lineage;missing_base_required:validation_status
schemas/packets/m206_packet.schema.json,True,True,True,True,False,False,PARTIAL,missing_base_required:packet_id;missing_base_required:route_id;missing_base_required:producer_component_id;missing_base_required:consumer_component_ids;missing_base_required:lineage;missing_base_required:validation_status
schemas/packets/m207_packet.schema.json,True,True,True,True,False,False,PARTIAL,missing_base_required:packet_id;missing_base_required:route_id;missing_base_required:producer_component_id;missing_base_required:consumer_component_ids;missing_base_required:lineage;missing_base_required:validation_status
schemas/packets/m208_packet.schema.json,True,True,True,True,False,False,PARTIAL,missing_base_required:packet_id;missing_base_required:route_id;missing_base_required:producer_component_id;missing_base_required:consumer_component_ids;missing_base_required:lineage;missing_base_required:validation_status
schemas/packets/m209_packet.schema.json,True,True,True,True,False,False,PARTIAL,missing_base_required:packet_id;missing_base_required:route_id;missing_base_required:producer_component_id;missing_base_required:consumer_component_ids;missing_base_required:lineage;missing_base_required:validation_status
schemas/packets/m210_packet.schema.json,True,True,True,True,False,False,PARTIAL,missing_base_required:packet_id;missing_base_required:route_id;missing_base_required:producer_component_id;missing_base_required:consumer_component_ids;missing_base_required:lineage;missing_base_required:validation_status
schemas/packets/m211_packet.schema.json,True,True,True,True,False,False,PARTIAL,missing_base_required:packet_id;missing_base_required:route_id;missing_base_required:producer_component_id;missing_base_required:consumer_component_ids;missing_base_required:lineage;missing_base_required:validation_status
schemas/packets/m212_packet.schema.json,True,True,True,True,False,False,PARTIAL,missing_base_required:packet_id;missing_base_required:route_id;missing_base_required:producer_component_id;missing_base_required:consumer_component_ids;missing_base_required:lineage;missing_base_required:validation_status
schemas/packets/m213_packet.schema.json,True,True,True,True,False,False,PARTIAL,missing_base_required:packet_id;missing_base_required:route_id;missing_base_required:producer_component_id;missing_base_required:consumer_component_ids;missing_base_required:lineage;missing_base_required:validation_status
schemas/packets/m214_packet.schema.json,True,True,True,True,False,False,PARTIAL,missing_base_required:packet_id;missing_base_required:route_id;missing_base_required:producer_component_id;missing_base_required:consumer_component_ids;missing_base_required:lineage;missing_base_required:validation_status
schemas/packets/m215_packet.schema.json,True,True,True,True,False,False,PARTIAL,missing_base_required:packet_id;missing_base_required:route_id;missing_base_required:producer_component_id;missing_base_required:consumer_component_ids;missing_base_required:lineage;missing_base_required:validation_status
schemas/packets/m216_packet.schema.json,True,True,True,True,False,False,PARTIAL,missing_base_required:packet_id;missing_base_required:route_id;missing_base_required:producer_component_id;missing_base_required:consumer_component_ids;missing_base_required:lineage;missing_base_required:validation_status
schemas/packets/m217_packet.schema.json,True,True,True,True,False,False,PARTIAL,missing_base_required:packet_id;missing_base_required:route_id;missing_base_required:producer_component_id;missing_base_required:consumer_component_ids;missing_base_required:lineage;missing_base_required:validation_status
schemas/packets/m218_packet.schema.json,True,True,True,True,False,False,PARTIAL,missing_base_required:packet_id;missing_base_required:route_id;missing_base_required:producer_component_id;missing_base_required:consumer_component_ids;missing_base_required:lineage;missing_base_required:validation_status
schemas/packets/m219_packet.schema.json,True,True,True,True,False,False,PARTIAL,missing_base_required:packet_id;missing_base_required:route_id;missing_base_required:producer_component_id;missing_base_required:consumer_component_ids;missing_base_required:lineage;missing_base_required:validation_status
schemas/packets/m220_packet.schema.json,True,True,True,True,False,False,PARTIAL,missing_base_required:packet_id;missing_base_required:route_id;missing_base_required:producer_component_id;missing_base_required:consumer_component_ids;missing_base_required:lineage;missing_base_required:validation_status
schemas/packets/m221_packet.schema.json,True,True,True,True,False,False,PARTIAL,missing_base_required:packet_id;missing_base_required:route_id;missing_base_required:producer_component_id;missing_base_required:consumer_component_ids;missing_base_required:lineage;missing_base_required:validation_status
schemas/packets/m222_packet.schema.json,True,True,True,True,False,False,PARTIAL,missing_base_required:packet_id;missing_base_required:route_id;missing_base_required:producer_component_id;missing_base_required:consumer_component_ids;missing_base_required:lineage;missing_base_required:validation_status
schemas/packets/m223_packet.schema.json,True,True,True,True,False,False,PARTIAL,missing_base_required:packet_id;missing_base_required:route_id;missing_base_required:producer_component_id;missing_base_required:consumer_component_ids;missing_base_required:lineage;missing_base_required:validation_status
schemas/packets/m224_packet.schema.json,True,True,True,True,False,False,PARTIAL,missing_base_required:packet_id;missing_base_required:route_id;missing_base_required:producer_component_id;missing_base_required:consumer_component_ids;missing_base_required:lineage;missing_base_required:validation_status
schemas/packets/m225_packet.schema.json,True,True,True,True,False,False,PARTIAL,missing_base_required:packet_id;missing_base_required:route_id;missing_base_required:producer_component_id;missing_base_required:consumer_component_ids;missing_base_required:lineage;missing_base_required:validation_status
schemas/packets/m226_packet.schema.json,True,True,True,True,False,False,PARTIAL,missing_base_required:packet_id;missing_base_required:route_id;missing_base_required:producer_component_id;missing_base_required:consumer_component_ids;missing_base_required:lineage;missing_base_required:validation_status
schemas/packets/m227_packet.schema.json,True,True,True,True,False,False,PARTIAL,missing_base_required:packet_id;missing_base_required:route_id;missing_base_required:producer_component_id;missing_base_required:consumer_component_ids;missing_base_required:lineage;missing_base_required:validation_status
schemas/packets/m228_packet.schema.json,True,True,True,True,False,False,PARTIAL,missing_base_required:packet_id;missing_base_required:route_id;missing_base_required:producer_component_id;missing_base_required:consumer_component_ids;missing_base_required:lineage;missing_base_required:validation_status
schemas/packets/m229_packet.schema.json,True,True,True,True,False,False,PARTIAL,missing_base_required:packet_id;missing_base_required:route_id;missing_base_required:producer_component_id;missing_base_required:consumer_component_ids;missing_base_required:lineage;missing_base_required:validation_status
schemas/packets/m230_packet.schema.json,True,True,True,True,False,False,PARTIAL,missing_base_required:packet_id;missing_base_required:route_id;missing_base_required:producer_component_id;missing_base_required:consumer_component_ids;missing_base_required:lineage;missing_base_required:validation_status
schemas/packets/m231_packet.schema.json,True,True,True,True,False,False,PARTIAL,missing_base_required:packet_id;missing_base_required:route_id;missing_base_required:producer_component_id;missing_base_required:consumer_component_ids;missing_base_required:lineage;missing_base_required:validation_status
schemas/packets/m232_packet.schema.json,True,True,True,True,False,False,PARTIAL,missing_base_required:packet_id;missing_base_required:route_id;missing_base_required:producer_component_id;missing_base_required:consumer_component_ids;missing_base_required:lineage;missing_base_required:validation_status
schemas/packets/m233_packet.schema.json,True,True,True,True,False,False,PARTIAL,missing_base_required:packet_id;missing_base_required:route_id;missing_base_required:producer_component_id;missing_base_required:consumer_component_ids;missing_base_required:lineage;missing_base_required:validation_status
schemas/packets/m234_packet.schema.json,True,True,True,True,False,False,PARTIAL,missing_base_required:packet_id;missing_base_required:route_id;missing_base_required:producer_component_id;missing_base_required:consumer_component_ids;missing_base_required:lineage;missing_base_required:validation_status
schemas/packets/m235_packet.schema.json,True,True,True,True,False,False,PARTIAL,missing_base_required:packet_id;missing_base_required:route_id;missing_base_required:producer_component_id;missing_base_required:consumer_component_ids;missing_base_required:lineage;missing_base_required:validation_status
schemas/packets/m236_packet.schema.json,True,True,True,True,False,False,PARTIAL,missing_base_required:packet_id;missing_base_required:route_id;missing_base_required:producer_component_id;missing_base_required:consumer_component_ids;missing_base_required:lineage;missing_base_required:validation_status
schemas/packets/m237_packet.schema.json,True,True,True,True,False,False,PARTIAL,missing_base_required:packet_id;missing_base_required:route_id;missing_base_required:producer_component_id;missing_base_required:consumer_component_ids;missing_base_required:lineage;missing_base_required:validation_status
schemas/packets/m238_packet.schema.json,True,True,True,True,False,False,PARTIAL,missing_base_required:packet_id;missing_base_required:route_id;missing_base_required:producer_component_id;missing_base_required:consumer_component_ids;missing_base_required:lineage;missing_base_required:validation_status
schemas/packets/m239_packet.schema.json,True,True,True,True,False,False,PARTIAL,missing_base_required:packet_id;missing_base_required:route_id;missing_base_required:producer_component_id;missing_base_required:consumer_component_ids;missing_base_required:lineage;missing_base_required:validation_status
schemas/packets/m240_packet.schema.json,True,True,True,True,False,False,PARTIAL,missing_base_required:packet_id;missing_base_required:route_id;missing_base_required:producer_component_id;missing_base_required:consumer_component_ids;missing_base_required:lineage;missing_base_required:validation_status
schemas/packets/m241_packet.schema.json,True,True,True,True,False,False,PARTIAL,missing_base_required:packet_id;missing_base_required:route_id;missing_base_required:producer_component_id;missing_base_required:consumer_component_ids;missing_base_required:lineage;missing_base_required:validation_status
schemas/packets/m242_packet.schema.json,True,True,True,True,False,False,PARTIAL,missing_base_required:packet_id;missing_base_required:route_id;missing_base_required:producer_component_id;missing_base_required:consumer_component_ids;missing_base_required:lineage;missing_base_required:validation_status
schemas/packets/m243_packet.schema.json,True,True,True,True,False,False,PARTIAL,missing_base_required:packet_id;missing_base_required:route_id;missing_base_required:producer_component_id;missing_base_required:consumer_component_ids;missing_base_required:lineage;missing_base_required:validation_status
schemas/packets/m244_packet.schema.json,True,True,True,True,False,False,PARTIAL,missing_base_required:packet_id;missing_base_required:route_id;missing_base_required:producer_component_id;missing_base_required:consumer_component_ids;missing_base_required:lineage;missing_base_required:validation_status
schemas/packets/m245_packet.schema.json,True,True,True,True,False,False,PARTIAL,missing_base_required:packet_id;missing_base_required:route_id;missing_base_required:producer_component_id;missing_base_required:consumer_component_ids;missing_base_required:lineage;missing_base_required:validation_status
schemas/packets/m310_packet.schema.json,True,True,True,True,False,False,PARTIAL,missing_base_required:packet_id;missing_base_required:route_id;missing_base_required:producer_component_id;missing_base_required:consumer_component_ids;missing_base_required:lineage;missing_base_required:validation_status
schemas/packets/m320_packet.schema.json,True,True,True,True,False,False,PARTIAL,missing_base_required:packet_id;missing_base_required:route_id;missing_base_required:producer_component_id;missing_base_required:consumer_component_ids;missing_base_required:lineage;missing_base_required:validation_status
schemas/packets/m330_packet.schema.json,True,True,True,True,False,False,PARTIAL,missing_base_required:packet_id;missing_base_required:route_id;missing_base_required:producer_component_id;missing_base_required:consumer_component_ids;missing_base_required:lineage;missing_base_required:validation_status
schemas/packets/m340_packet.schema.json,True,True,True,True,False,False,PARTIAL,missing_base_required:packet_id;missing_base_required:route_id;missing_base_required:producer_component_id;missing_base_required:consumer_component_ids;missing_base_required:lineage;missing_base_required:validation_status
schemas/packets/media_production_packet.schema.json,True,True,True,True,False,False,PARTIAL,missing_base_required:packet_id;missing_base_required:route_id;missing_base_required:producer_component_id;missing_base_required:consumer_component_ids;missing_base_required:lineage;missing_base_required:validation_status
schemas/packets/media_quality_gate_packet.schema.json,True,True,True,True,False,True,PASS,
schemas/packets/meta_analysis_packet.schema.json,True,True,True,True,False,False,PARTIAL,missing_base_required:packet_id;missing_base_required:route_id;missing_base_required:producer_component_id;missing_base_required:consumer_component_ids;missing_base_required:lineage;missing_base_required:validation_status
schemas/packets/mix_master_packet.schema.json,True,True,True,True,False,False,PARTIAL,missing_base_required:packet_id;missing_base_required:route_id;missing_base_required:producer_component_id;missing_base_required:consumer_component_ids;missing_base_required:lineage;missing_base_required:validation_status
schemas/packets/mobile_optimization_packet.schema.json,True,True,True,True,False,False,PARTIAL,missing_base_required:packet_id;missing_base_required:route_id;missing_base_required:producer_component_id;missing_base_required:consumer_component_ids;missing_base_required:lineage;missing_base_required:validation_status
schemas/packets/motion_graphics_packet.schema.json,True,True,True,True,False,False,PARTIAL,missing_base_required:packet_id;missing_base_required:route_id;missing_base_required:producer_component_id;missing_base_required:consumer_component_ids;missing_base_required:lineage;missing_base_required:validation_status
schemas/packets/multiangle_packet.schema.json,True,True,True,True,False,False,PARTIAL,missing_base_required:packet_id;missing_base_required:route_id;missing_base_required:producer_component_id;missing_base_required:consumer_component_ids;missing_base_required:lineage;missing_base_required:validation_status
schemas/packets/music_packet.schema.json,True,True,True,True,False,False,PARTIAL,missing_base_required:packet_id;missing_base_required:route_id;missing_base_required:producer_component_id;missing_base_required:consumer_component_ids;missing_base_required:lineage;missing_base_required:validation_status
schemas/packets/music_sfx_packet.schema.json,True,True,True,True,False,True,PASS,
schemas/packets/newsletter_packet.schema.json,True,True,True,True,False,False,PARTIAL,missing_base_required:packet_id;missing_base_required:route_id;missing_base_required:producer_component_id;missing_base_required:consumer_component_ids;missing_base_required:lineage;missing_base_required:validation_status
schemas/packets/noise_reduction_packet.schema.json,True,True,True,True,False,False,PARTIAL,missing_base_required:packet_id;missing_base_required:route_id;missing_base_required:producer_component_id;missing_base_required:consumer_component_ids;missing_base_required:lineage;missing_base_required:validation_status
schemas/packets/nuance_packet.schema.json,True,True,True,True,False,False,PARTIAL,missing_base_required:packet_id;missing_base_required:route_id;missing_base_required:producer_component_id;missing_base_required:consumer_component_ids;missing_base_required:lineage;missing_base_required:validation_status
schemas/packets/operator_execution_packet.schema.json,True,True,True,True,True,False,PASS,
schemas/packets/pacing_optimization_packet.schema.json,True,True,True,True,False,False,PARTIAL,missing_base_required:packet_id;missing_base_required:route_id;missing_base_required:producer_component_id;missing_base_required:consumer_component_ids;missing_base_required:lineage;missing_base_required:validation_status
schemas/packets/performance_prediction_packet.schema.json,True,True,True,True,False,False,PARTIAL,missing_base_required:packet_id;missing_base_required:route_id;missing_base_required:producer_component_id;missing_base_required:consumer_component_ids;missing_base_required:lineage;missing_base_required:validation_status
schemas/packets/phase_1c_completion_packet.schema.json,True,True,True,True,False,False,PARTIAL,missing_base_required:packet_id;missing_base_required:route_id;missing_base_required:producer_component_id;missing_base_required:consumer_component_ids;missing_base_required:lineage;missing_base_required:validation_status
schemas/packets/platform_metadata_packet.schema.json,True,True,True,True,False,False,PARTIAL,missing_base_required:packet_id;missing_base_required:route_id;missing_base_required:producer_component_id;missing_base_required:consumer_component_ids;missing_base_required:lineage;missing_base_required:validation_status
schemas/packets/platform_package_packet.schema.json,True,True,True,True,False,False,PARTIAL,missing_base_required:packet_id;missing_base_required:route_id;missing_base_required:producer_component_id;missing_base_required:consumer_component_ids;missing_base_required:lineage;missing_base_required:validation_status
schemas/packets/platform_video_packet.schema.json,True,True,True,True,False,False,PARTIAL,missing_base_required:packet_id;missing_base_required:route_id;missing_base_required:producer_component_id;missing_base_required:consumer_component_ids;missing_base_required:lineage;missing_base_required:validation_status
schemas/packets/podcast_audio_packet.schema.json,True,True,True,True,False,False,PARTIAL,missing_base_required:packet_id;missing_base_required:route_id;missing_base_required:producer_component_id;missing_base_required:consumer_component_ids;missing_base_required:lineage;missing_base_required:validation_status
schemas/packets/podcast_script_packet.schema.json,True,True,True,True,False,False,PARTIAL,missing_base_required:packet_id;missing_base_required:route_id;missing_base_required:producer_component_id;missing_base_required:consumer_component_ids;missing_base_required:lineage;missing_base_required:validation_status
schemas/packets/prediction_packet.schema.json,True,True,True,True,False,False,PARTIAL,missing_base_required:packet_id;missing_base_required:route_id;missing_base_required:producer_component_id;missing_base_required:consumer_component_ids;missing_base_required:lineage;missing_base_required:validation_status
schemas/packets/primary_source_interrogation_packet.schema.json,True,True,True,True,False,False,PARTIAL,missing_base_required:packet_id;missing_base_required:route_id;missing_base_required:producer_component_id;missing_base_required:consumer_component_ids;missing_base_required:lineage;missing_base_required:validation_status
schemas/packets/print_adaptation_packet.schema.json,True,True,True,True,False,False,PARTIAL,missing_base_required:packet_id;missing_base_required:route_id;missing_base_required:producer_component_id;missing_base_required:consumer_component_ids;missing_base_required:lineage;missing_base_required:validation_status
schemas/packets/provider_handoff_packet.schema.json,True,True,True,False,True,True,PARTIAL,provider_execution_allowed_missing_default_false
schemas/packets/provider_packet_bridge.schema.json,True,True,True,True,False,False,PARTIAL,missing_base_required:packet_id;missing_base_required:route_id;missing_base_required:producer_component_id;missing_base_required:consumer_component_ids;missing_base_required:lineage;missing_base_required:validation_status
schemas/packets/publish_ready_packet.schema.json,True,True,True,True,False,False,PARTIAL,missing_base_required:packet_id;missing_base_required:route_id;missing_base_required:producer_component_id;missing_base_required:consumer_component_ids;missing_base_required:lineage;missing_base_required:validation_status
schemas/packets/refinement_delta_packet.schema.json,True,True,True,True,False,True,PASS,
schemas/packets/research_brief_packet.schema.json,True,True,True,True,False,True,PASS,
schemas/packets/research_synthesis.schema.json,True,True,True,True,False,False,PARTIAL,missing_base_required:route_id;missing_base_required:producer_component_id;missing_base_required:consumer_component_ids;missing_base_required:lineage;missing_base_required:validation_status
schemas/packets/reverb_effects_packet.schema.json,True,True,True,True,False,False,PARTIAL,missing_base_required:packet_id;missing_base_required:route_id;missing_base_required:producer_component_id;missing_base_required:consumer_component_ids;missing_base_required:lineage;missing_base_required:validation_status
schemas/packets/script_debate_packet.schema.json,True,True,True,True,False,False,PARTIAL,missing_base_required:route_id;missing_base_required:producer_component_id;missing_base_required:consumer_component_ids;missing_base_required:lineage;missing_base_required:validation_status
schemas/packets/script_draft.schema.json,True,True,True,True,False,False,PARTIAL,missing_base_required:route_id;missing_base_required:producer_component_id;missing_base_required:consumer_component_ids;missing_base_required:lineage;missing_base_required:validation_status
schemas/packets/script_draft_packet.schema.json,True,True,True,True,False,False,PARTIAL,missing_base_required:route_id;missing_base_required:producer_component_id;missing_base_required:consumer_component_ids;missing_base_required:lineage;missing_base_required:validation_status
schemas/packets/script_intelligence_result.schema.json,True,True,True,True,False,False,PARTIAL,missing_base_required:route_id;missing_base_required:producer_component_id;missing_base_required:consumer_component_ids;missing_base_required:lineage;missing_base_required:validation_status
schemas/packets/script_refinement_packet.schema.json,True,True,True,True,False,False,PARTIAL,missing_base_required:route_id;missing_base_required:producer_component_id;missing_base_required:consumer_component_ids;missing_base_required:lineage;missing_base_required:validation_status
schemas/packets/script_segment_packet.schema.json,True,True,True,True,False,True,PASS,
schemas/packets/script_strategy_packet.schema.json,True,True,True,True,False,True,PASS,
schemas/packets/script_v1_packet.schema.json,True,True,True,True,False,True,PASS,
schemas/packets/shot_list_packet.schema.json,True,True,True,True,False,False,PARTIAL,missing_base_required:packet_id;missing_base_required:route_id;missing_base_required:producer_component_id;missing_base_required:consumer_component_ids;missing_base_required:lineage;missing_base_required:validation_status
schemas/packets/social_asset_packet.schema.json,True,True,True,True,False,False,PARTIAL,missing_base_required:packet_id;missing_base_required:route_id;missing_base_required:producer_component_id;missing_base_required:consumer_component_ids;missing_base_required:lineage;missing_base_required:validation_status
schemas/packets/social_media_packet.schema.json,True,True,True,True,False,False,PARTIAL,missing_base_required:packet_id;missing_base_required:route_id;missing_base_required:producer_component_id;missing_base_required:consumer_component_ids;missing_base_required:lineage;missing_base_required:validation_status
schemas/packets/sound_design_packet.schema.json,True,True,True,True,False,False,PARTIAL,missing_base_required:packet_id;missing_base_required:route_id;missing_base_required:producer_component_id;missing_base_required:consumer_component_ids;missing_base_required:lineage;missing_base_required:validation_status
schemas/packets/sound_palette_packet.schema.json,True,True,True,True,False,False,PARTIAL,missing_base_required:packet_id;missing_base_required:route_id;missing_base_required:producer_component_id;missing_base_required:consumer_component_ids;missing_base_required:lineage;missing_base_required:validation_status
schemas/packets/source_evidence_packet.schema.json,True,True,True,True,False,True,PASS,
schemas/packets/thumbnail_concept_packet.schema.json,True,True,True,True,False,False,PARTIAL,missing_base_required:packet_id;missing_base_required:route_id;missing_base_required:producer_component_id;missing_base_required:consumer_component_ids;missing_base_required:lineage;missing_base_required:validation_status
schemas/packets/thumbnail_packet.schema.json,True,True,True,True,False,False,PARTIAL,missing_base_required:packet_id;missing_base_required:route_id;missing_base_required:producer_component_id;missing_base_required:consumer_component_ids;missing_base_required:lineage;missing_base_required:validation_status
schemas/packets/tiktok_script_packet.schema.json,True,True,True,True,False,False,PARTIAL,missing_base_required:packet_id;missing_base_required:route_id;missing_base_required:producer_component_id;missing_base_required:consumer_component_ids;missing_base_required:lineage;missing_base_required:validation_status
schemas/packets/title_text_packet.schema.json,True,True,True,True,False,False,PARTIAL,missing_base_required:packet_id;missing_base_required:route_id;missing_base_required:producer_component_id;missing_base_required:consumer_component_ids;missing_base_required:lineage;missing_base_required:validation_status
schemas/packets/topic_candidate_board.schema.json,True,True,True,True,False,False,PARTIAL,missing_base_required:route_id;missing_base_required:producer_component_id;missing_base_required:consumer_component_ids;missing_base_required:lineage;missing_base_required:validation_status
schemas/packets/topic_finalization_packet.schema.json,True,True,True,True,False,False,PARTIAL,missing_base_required:route_id;missing_base_required:producer_component_id;missing_base_required:consumer_component_ids;missing_base_required:lineage;missing_base_required:validation_status
schemas/packets/topic_intake.schema.json,True,True,True,True,False,False,PARTIAL,missing_base_required:route_id;missing_base_required:producer_component_id;missing_base_required:consumer_component_ids;missing_base_required:lineage;missing_base_required:validation_status
schemas/packets/topic_intake_packet.schema.json,True,True,True,True,False,True,PASS,
schemas/packets/topic_intelligence_result.schema.json,True,True,True,True,False,False,PARTIAL,missing_base_required:route_id;missing_base_required:producer_component_id;missing_base_required:consumer_component_ids;missing_base_required:lineage;missing_base_required:validation_status
schemas/packets/topic_scorecard.schema.json,True,True,True,True,False,False,PARTIAL,missing_base_required:route_id;missing_base_required:producer_component_id;missing_base_required:consumer_component_ids;missing_base_required:lineage;missing_base_required:validation_status
schemas/packets/transcript_packet.schema.json,True,True,True,True,False,False,PARTIAL,missing_base_required:packet_id;missing_base_required:route_id;missing_base_required:producer_component_id;missing_base_required:consumer_component_ids;missing_base_required:lineage;missing_base_required:validation_status
schemas/packets/transition_packet.schema.json,True,True,True,True,False,False,PARTIAL,missing_base_required:packet_id;missing_base_required:route_id;missing_base_required:producer_component_id;missing_base_required:consumer_component_ids;missing_base_required:lineage;missing_base_required:validation_status
schemas/packets/transition_sound_packet.schema.json,True,True,True,True,False,False,PARTIAL,missing_base_required:packet_id;missing_base_required:route_id;missing_base_required:producer_component_id;missing_base_required:consumer_component_ids;missing_base_required:lineage;missing_base_required:validation_status
schemas/packets/trend_signal_packet.schema.json,True,True,True,True,False,True,PASS,
schemas/packets/typography_packet.schema.json,True,True,True,True,False,False,PARTIAL,missing_base_required:packet_id;missing_base_required:route_id;missing_base_required:producer_component_id;missing_base_required:consumer_component_ids;missing_base_required:lineage;missing_base_required:validation_status
schemas/packets/video_context_packet.schema.json,True,True,True,True,False,True,PASS,
schemas/packets/video_seo_packet.schema.json,True,True,True,True,False,False,PARTIAL,missing_base_required:packet_id;missing_base_required:route_id;missing_base_required:producer_component_id;missing_base_required:consumer_component_ids;missing_base_required:lineage;missing_base_required:validation_status
schemas/packets/visual_asset_spec_packet.schema.json,True,True,True,True,False,False,PARTIAL,missing_base_required:packet_id;missing_base_required:route_id;missing_base_required:producer_component_id;missing_base_required:consumer_component_ids;missing_base_required:lineage;missing_base_required:validation_status
schemas/packets/visual_context_packet.schema.json,True,True,True,True,False,True,PASS,
schemas/packets/voice_context_packet.schema.json,True,True,True,True,False,True,PASS,
schemas/packets/voiceover_spec_packet.schema.json,True,True,True,True,False,False,PARTIAL,missing_base_required:packet_id;missing_base_required:route_id;missing_base_required:producer_component_id;missing_base_required:consumer_component_ids;missing_base_required:lineage;missing_base_required:validation_status
schemas/packets/youtube_script_packet.schema.json,True,True,True,True,False,False,PARTIAL,missing_base_required:packet_id;missing_base_required:route_id;missing_base_required:producer_component_id;missing_base_required:consumer_component_ids;missing_base_required:lineage;missing_base_required:validation_status
