gap_id,layer,current_weakness,missing_element,required_upgrade,production_risk,priority,codex_action_required
GAP-001,communication_pointer,Required chains are missing or partial rather than typed producer-consumer contracts,communication_pointer_registry.yaml,"Create communication pointer registry with packet names, source, target, validation, fallback, lineage",Downstream stages can drift or produce generic output,BLOCKER,Audit first; patch after review
GAP-002,component_contracts,2 of 740 scanned components classified production-grade by contract heuristics,universal component contract fields,Add UNIVERSAL_COMPONENT_CONTRACT_STANDARD and conform components append-only,Mixed-depth repo creates inconsistent orchestration,BLOCKER,Patch standard after user review
GAP-003,script_media,Script-to-media source of truth is partial,script_segment_packet schema,Add mandatory timed segment schema with visual intent and retention purpose,Media sync and provider handoff can fail,BLOCKER,Create packet schema and validator after review
GAP-004,voice,Voice context exists only if complete pacing/emotion/timestamp fields are present,voice_context_packet,"Add voice persona, pace, pause map, emotion per segment, sync expectation",Flat narration and unsynced audio,HIGH,Patch voice packet contract after review
GAP-005,visual,Visual context lacks guaranteed style bible and per-segment continuity validation,visual_context_packet,"Add style bible, scene prompts, negative prompts, continuity checks",Inconsistent images/video scenes,HIGH,Patch visual packet contract after review
GAP-006,video,Video context needs per-scene motion/sync constraints,video_context_packet,"Add motion, camera, duration, transition, sync point schema",Poor video continuity and timing,HIGH,Patch video packet contract after review
GAP-007,music_sfx,Music/SFX packet support is partial or missing,music_sfx_packet,"Add cue sheet, mood curve, silence/loudness boundaries",Weak production feel and audio conflicts,MEDIUM,Patch audio packet contract after review
GAP-008,editing,Editing plan needs deterministic timeline packet,editing_timeline_packet,"Add timeline, cuts, transitions, captions, assembly notes",Hard to assemble repeatable final output,HIGH,Patch editing packet contract after review
GAP-009,validator,Validator still needs packet-level schema and chain validation,packet graph validator,"Reject missing packets, missing pointers, and fake downstream outputs",False PASS from transcript-shaped output,BLOCKER,Expand validator after component standard
GAP-010,provider_boundary,Provider handoff should use typed provider abstractions,typed provider adapter contract,Abstract VOICE/IMAGE/VIDEO/MUSIC/EDIT/PUBLISH providers with IO schemas,Vendor lock or false execution claims,HIGH,Add provider adapter contract after review
GAP-011,lineage,Lineage must link packet IDs across every stage,packet lineage fields,Add upstream_packet_id/downstream_packet_id and decision logs,No debugging or partial regeneration proof,HIGH,Patch lineage fields after standard
GAP-012,approval,Approval gate should support segment-level revise/regenerate choices,approval action matrix,Add approve/revise segment/regenerate media/reject options,Costly full reruns and silent approval drift,MEDIUM,Patch approval contract after review
